INSERT INTO `varieties` (`id`, `variety`) VALUES (1,'コシヒカリ'),(2,'ひとめぼれ'),(3,'つや姫');
INSERT INTO `millingtypes` (`id`, `millingtype`) VALUES (1,'精米'),(2,'玄米');
INSERT INTO `prefectures` (`id`, `prefecture`) VALUES (1,'北海道'),(2,'東北'),(3,'北陸');
INSERT INTO `weights` (`id`, `weight`) VALUES (1,'2kg'),(2,'5kg'),(3,'10kg');

INSERT INTO `products` (`id`, `name`, `description`, `origin_id`, `variety_id`, `millingtype_id`, `weight_id`,
`price`, `stock_quantity`, `created_at`, `updated_at`, `imageurl`) VALUES
(1, '極上コシヒカリ', '農薬や化学肥料を極力使わず、自然の力で育てた安心・安全なお米をお届けします。', 1, 1, 1, 1, 2500, 10, '2025-01-27 08:44:23', '2025-01-29 04:43:23', '/images/4D6DC27C-E5DF-49D6-9303-17C807400588.webp'),
(2, '極上コシヒカリ', '農薬や化学肥料を極力使わず、自然の力で育てた安心・安全なお米をお届けします。', 1, 1, 1, 2, 4500, 10, '2025-01-27 09:13:19', '2025-01-29 04:43:23', '/images/4D6DC27C-E5DF-49D6-9303-17C807400588.webp'),
(3, '極上コシヒカリ', '農薬や化学肥料を極力使わず、自然の力で育てた安心・安全なお米をお届けします。', 1, 1, 1, 3, 8000, 10, '2025-01-27 09:28:44', '2025-01-29 04:43:23', '/images/4D6DC27C-E5DF-49D6-9303-17C807400588.webp'),
(4, '極上コシヒカリ', '農薬や化学肥料を極力使わず、自然の力で育てた安心・安全なお米をお届けします。', 1, 1, 2, 1, 1500, 10, '2025-01-27 09:28:44', '2025-01-29 04:43:23', '/images/4D6DC27C-E5DF-49D6-9303-17C807400588.webp'),
(5, '極上コシヒカリ', '農薬や化学肥料を極力使わず、自然の力で育てた安心・安全なお米をお届けします。', 1, 1, 2, 2, 3500, 10, '2025-01-28 01:46:27', '2025-01-29 04:43:23', '/images/4D6DC27C-E5DF-49D6-9303-17C807400588.webp'),
(6, '極上コシヒカリ', '農薬や化学肥料を極力使わず、自然の力で育てた安心・安全なお米をお届けします。', 1, 1, 2, 3, 7000, 10, '2025-01-28 01:46:27', '2025-01-29 04:43:23', '/images/4D6DC27C-E5DF-49D6-9303-17C807400588.webp'),
(7, 'コシヒカリの恵み', '大地の恵みと生産者のこだわりが詰まった、甘みと旨みが際立つお米です。', 2, 1, 1, 1, 2000, 10, '2025-01-28 01:51:46', '2025-01-29 04:43:23', '/images/43E24222-DBA1-40CB-915E-2952D021C8FF.webp'),
(8, 'コシヒカリの恵み', '大地の恵みと生産者のこだわりが詰まった、甘みと旨みが際立つお米です。', 2, 1, 1, 2, 4000, 10, '2025-01-28 01:53:41', '2025-01-29 04:43:23', '/images/43E24222-DBA1-40CB-915E-2952D021C8FF.webp'),
(9, 'コシヒカリの恵み', '大地の恵みと生産者のこだわりが詰まった、甘みと旨みが際立つお米です。', 2, 1, 1, 3, 7000, 10, '2025-01-28 01:53:54', '2025-01-29 04:43:23', '/images/43E24222-DBA1-40CB-915E-2952D021C8FF.webp'),
(10, 'コシヒカリの恵み', '大地の恵みと生産者のこだわりが詰まった、甘みと旨みが際立つお米です。', 2, 1, 2, 1, 1500, 10, '2025-01-28 01:53:57', '2025-01-29 04:43:23', '/images/43E24222-DBA1-40CB-915E-2952D021C8FF.webp'),
(11, 'コシヒカリの恵み', '大地の恵みと生産者のこだわりが詰まった、甘みと旨みが際立つお米です。', 2, 1, 2, 2, 3500, 10, '2025-01-28 01:54:11', '2025-01-29 04:43:23', '/images/43E24222-DBA1-40CB-915E-2952D021C8FF.webp'),
(12, 'コシヒカリの恵み', '大地の恵みと生産者のこだわりが詰まった、甘みと旨みが際立つお米です。', 2, 1, 2, 3, 6500, 10, '2025-01-28 01:54:39', '2025-01-29 04:43:23', '/images/43E24222-DBA1-40CB-915E-2952D021C8FF.webp'),
(13, '白銀のコシヒカリ', '土づくりから丁寧に管理し、環境にもやさしい持続可能な農法を採用しています。', 3, 1, 1, 1, 1500, 10, '2025-01-28 01:59:10', '2025-01-29 04:43:23', '/images/67E1D0B2-F637-4428-9077-5FD5D8B7A930.webp'),
(14, '白銀のコシヒカリ', '土づくりから丁寧に管理し、環境にもやさしい持続可能な農法を採用しています。', 3, 1, 1, 2, 3000, 10, '2025-01-28 02:10:46', '2025-01-29 04:43:23', '/images/67E1D0B2-F637-4428-9077-5FD5D8B7A930.webp'),
(15, '白銀のコシヒカリ', '土づくりから丁寧に管理し、環境にもやさしい持続可能な農法を採用しています。', 3, 1, 1, 3, 6000, 10, '2025-01-28 02:11:45', '2025-01-29 04:43:23', '/images/67E1D0B2-F637-4428-9077-5FD5D8B7A930.webp'),
(16, '白銀のコシヒカリ', '土づくりから丁寧に管理し、環境にもやさしい持続可能な農法を採用しています。', 3, 1, 2, 1, 1000, 10, '2025-01-28 02:13:18', '2025-01-29 04:43:23', '/images/67E1D0B2-F637-4428-9077-5FD5D8B7A930.webp'),
(17, '白銀のコシヒカリ', '土づくりから丁寧に管理し、環境にもやさしい持続可能な農法を採用しています。', 3, 1, 2, 2, 2000, 10, '2025-01-28 02:18:18', '2025-01-29 04:43:23', '/images/67E1D0B2-F637-4428-9077-5FD5D8B7A930.webp'),
(18, '白銀のコシヒカリ', '土づくりから丁寧に管理し、環境にもやさしい持続可能な農法を採用しています。', 3, 1, 2, 3, 6000, 10, '2025-01-28 02:20:22', '2025-01-29 04:43:23', '/images/67E1D0B2-F637-4428-9077-5FD5D8B7A930.webp'),
(19, 'ひとめぼれの宝石', '天然の有機肥料を使用し、ふっくらとした食感と豊かな風味を引き出しました。', 1, 2, 1, 1, 2000, 10, '2025-01-28 02:23:06', '2025-01-29 04:43:23', '/images/68C27015-485E-4EB6-8C4A-32E555FA7000.webp'),
(20, 'ひとめぼれの宝石', '天然の有機肥料を使用し、ふっくらとした食感と豊かな風味を引き出しました。', 1, 2, 1, 2, 4500, 10, '2025-01-28 02:24:24', '2025-01-29 04:43:23', '/images/68C27015-485E-4EB6-8C4A-32E555FA7000.webp'),
(21, 'ひとめぼれの宝石', '天然の有機肥料を使用し、ふっくらとした食感と豊かな風味を引き出しました。', 1, 2, 1, 3, 7000, 10, '2025-01-28 02:24:43', '2025-01-29 04:43:23', '/images/68C27015-485E-4EB6-8C4A-32E555FA7000.webp'),
(22, 'ひとめぼれの宝石', '天然の有機肥料を使用し、ふっくらとした食感と豊かな風味を引き出しました。', 1, 2, 2, 1, 1500, 10, '2025-01-28 02:27:03', '2025-01-29 04:43:23', '/images/68C27015-485E-4EB6-8C4A-32E555FA7000.webp'),
(23, 'ひとめぼれの宝石', '天然の有機肥料を使用し、ふっくらとした食感と豊かな風味を引き出しました。', 1, 2, 2, 2, 4000, 10, '2025-01-28 02:27:31', '2025-01-29 04:43:23', '/images/68C27015-485E-4EB6-8C4A-32E555FA7000.webp'),
(24, 'ひとめぼれの宝石', '天然の有機肥料を使用し、ふっくらとした食感と豊かな風味を引き出しました。', 1, 2, 2, 3, 6500, 10, '2025-01-28 02:28:06', '2025-01-29 04:43:23', '/images/68C27015-485E-4EB6-8C4A-32E555FA7000.webp'),
(25, '一粒のひとめぼれ', '田んぼの生態系を大切にしながら、健康的で美味しいお米を栽培しています。', 2, 2, 1, 1, 2000, 10, '2025-01-28 02:33:08', '2025-01-29 04:43:23', '/images/956D5084-6578-4826-8AB8-E7932117D296.webp'),
(26, '一粒のひとめぼれ', '田んぼの生態系を大切にしながら、健康的で美味しいお米を栽培しています。', 2, 2, 1, 2, 4500, 10, '2025-01-28 02:33:08', '2025-01-29 04:43:23', '/images/956D5084-6578-4826-8AB8-E7932117D296.webp'),
(27, '一粒のひとめぼれ', '田んぼの生態系を大切にしながら、健康的で美味しいお米を栽培しています。', 2, 2, 1, 3, 8500, 10, '2025-01-28 02:33:08', '2025-01-29 04:43:23', '/images/956D5084-6578-4826-8AB8-E7932117D296.webp'),
(28, '一粒のひとめぼれ', '田んぼの生態系を大切にしながら、健康的で美味しいお米を栽培しています。', 2, 2, 2, 1, 1500, 10, '2025-01-28 02:33:08', '2025-01-29 04:43:23', '/images/956D5084-6578-4826-8AB8-E7932117D296.webp'),
(29, '一粒のひとめぼれ', '田んぼの生態系を大切にしながら、健康的で美味しいお米を栽培しています。', 2, 2, 2, 2, 4000, 10, '2025-01-28 02:33:08', '2025-01-29 04:43:23', '/images/956D5084-6578-4826-8AB8-E7932117D296.webp'),
(30, '一粒のひとめぼれ', '田んぼの生態系を大切にしながら、健康的で美味しいお米を栽培しています。', 2, 2, 2, 3, 7500, 10, '2025-01-28 02:33:08', '2025-01-29 04:43:23', '/images/956D5084-6578-4826-8AB8-E7932117D296.webp'),
(31, 'ひとめぼれの故郷', '化学的な処理を最小限に抑え、自然本来の美味しさを最大限に活かしたお米です。', 3, 2, 1, 1, 2000, 10, '2025-01-28 02:38:51', '2025-01-29 04:43:23', '/images/6855E72B-92F6-4E81-B6D5-1FFD88EAD808.webp'),
(32, 'ひとめぼれの故郷', '化学的な処理を最小限に抑え、自然本来の美味しさを最大限に活かしたお米です。', 3, 2, 1, 2, 4000, 10, '2025-01-28 02:38:51', '2025-01-29 04:43:23', '/images/6855E72B-92F6-4E81-B6D5-1FFD88EAD808.webp'),
(33, 'ひとめぼれの故郷', '化学的な処理を最小限に抑え、自然本来の美味しさを最大限に活かしたお米です。', 3, 2, 1, 3, 6000, 10, '2025-01-28 02:38:51', '2025-01-29 04:43:23', '/images/6855E72B-92F6-4E81-B6D5-1FFD88EAD808.webp'),
(34, 'ひとめぼれの故郷', '化学的な処理を最小限に抑え、自然本来の美味しさを最大限に活かしたお米です。', 3, 2, 2, 1, 1500, 10, '2025-01-28 02:38:51', '2025-01-29 04:43:23', '/images/6855E72B-92F6-4E81-B6D5-1FFD88EAD808.webp'),
(35, 'ひとめぼれの故郷', '化学的な処理を最小限に抑え、自然本来の美味しさを最大限に活かしたお米です。', 3, 2, 2, 2, 3500, 10, '2025-01-28 02:38:51', '2025-01-29 04:43:23', '/images/6855E72B-92F6-4E81-B6D5-1FFD88EAD808.webp'),
(36, 'ひとめぼれの故郷', '化学的な処理を最小限に抑え、自然本来の美味しさを最大限に活かしたお米です。', 3, 2, 2, 3, 5500, 10, '2025-01-28 02:38:51', '2025-01-29 04:43:23', '/images/6855E72B-92F6-4E81-B6D5-1FFD88EAD808.webp'),
(37, 'つや姫の極み', '農家の愛情と手間を惜しまず育てた、安全でお子さまにも安心して食べていただけるお米です。', 1, 3, 1, 1, 3000, 10, '2025-01-28 02:44:06', '2025-01-29 04:43:23', '/images/ACBEE8E3-67B6-4B65-A8AB-1916CDAA57C2.webp'),
(38, 'つや姫の極み', '農家の愛情と手間を惜しまず育てた、安全でお子さまにも安心して食べていただけるお米です。', 1, 3, 1, 2, 6000, 10, '2025-01-28 02:44:06', '2025-01-29 04:43:23', '/images/ACBEE8E3-67B6-4B65-A8AB-1916CDAA57C2.webp'),
(39, 'つや姫の極み', '農家の愛情と手間を惜しまず育てた、安全でお子さまにも安心して食べていただけるお米です。', 1, 3, 1, 3, 9000, 10, '2025-01-28 02:44:06', '2025-01-29 04:43:23', '/images/ACBEE8E3-67B6-4B65-A8AB-1916CDAA57C2.webp'),
(40, 'つや姫の極み', '農家の愛情と手間を惜しまず育てた、安全でお子さまにも安心して食べていただけるお米です。', 1, 3, 2, 1, 2500, 10, '2025-01-28 02:44:06', '2025-01-29 04:43:23', '/images/ACBEE8E3-67B6-4B65-A8AB-1916CDAA57C2.webp'),
(41, 'つや姫の極み', '農家の愛情と手間を惜しまず育てた、安全でお子さまにも安心して食べていただけるお米です。', 1, 3, 2, 2, 5500, 10, '2025-01-28 02:44:06', '2025-01-29 04:43:23', '/images/ACBEE8E3-67B6-4B65-A8AB-1916CDAA57C2.webp'),
(42, 'つや姫の極み', '農家の愛情と手間を惜しまず育てた、安全でお子さまにも安心して食べていただけるお米です。', 1, 3, 2, 3, 8500, 10, '2025-01-28 02:44:06', '2025-01-29 04:43:23', '/images/ACBEE8E3-67B6-4B65-A8AB-1916CDAA57C2.webp'),
(43, 'つや姫の舞', '産地直送で新鮮なお米をお届けし、ご家庭で本物の美味しさをお楽しみいただけます。', 2, 3, 1, 1, 2500, 10, '2025-01-28 02:47:39', '2025-01-29 04:43:23', '/images/DCFA365E-6524-4FBF-887C-A9BF0CE475F5.webp'),
(44, 'つや姫の舞', '産地直送で新鮮なお米をお届けし、ご家庭で本物の美味しさをお楽しみいただけます。', 2, 3, 1, 2, 4500, 10, '2025-01-28 02:47:39', '2025-01-29 04:43:23', '/images/DCFA365E-6524-4FBF-887C-A9BF0CE475F5.webp'),
(45, 'つや姫の舞', '産地直送で新鮮なお米をお届けし、ご家庭で本物の美味しさをお楽しみいただけます。', 2, 3, 1, 3, 7000, 10, '2025-01-28 02:47:39', '2025-01-29 04:43:23', '/images/DCFA365E-6524-4FBF-887C-A9BF0CE475F5.webp'),
(46, 'つや姫の舞', '産地直送で新鮮なお米をお届けし、ご家庭で本物の美味しさをお楽しみいただけます。', 2, 3, 2, 1, 2000, 10, '2025-01-28 02:47:39', '2025-01-29 04:43:23', '/images/DCFA365E-6524-4FBF-887C-A9BF0CE475F5.webp'),
(47, 'つや姫の舞', '産地直送で新鮮なお米をお届けし、ご家庭で本物の美味しさをお楽しみいただけます。', 2, 3, 2, 2, 4000, 10, '2025-01-28 02:47:39', '2025-01-29 04:43:23', '/images/DCFA365E-6524-4FBF-887C-A9BF0CE475F5.webp'),
(48, 'つや姫の舞', '産地直送で新鮮なお米をお届けし、ご家庭で本物の美味しさをお楽しみいただけます。', 2, 3, 2, 3, 6500, 10, '2025-01-28 02:47:39', '2025-01-29 04:43:23', '/images/DCFA365E-6524-4FBF-887C-A9BF0CE475F5.webp'),
(49, '選ばれしつや姫', '清らかな水と肥沃な土壌で育まれた、香り高く噛むほどに甘みが広がるお米です。', 3, 3, 1, 1, 1000, 10, '2025-01-28 02:51:40', '2025-01-29 04:43:23', '/images/E9B4C7F0-43FE-4494-BF2B-37139967D166.webp'),
(50, '選ばれしつや姫', '清らかな水と肥沃な土壌で育まれた、香り高く噛むほどに甘みが広がるお米です。', 3, 3, 1, 2, 2000, 10, '2025-01-28 02:51:40', '2025-01-29 04:43:23', '/images/E9B4C7F0-43FE-4494-BF2B-37139967D166.webp'),
(51, '選ばれしつや姫', '清らかな水と肥沃な土壌で育まれた、香り高く噛むほどに甘みが広がるお米です。', 3, 3, 1, 3, 4500, 10, '2025-01-28 02:51:40', '2025-01-29 04:43:23', '/images/E9B4C7F0-43FE-4494-BF2B-37139967D166.webp'),
(52, '選ばれしつや姫', '清らかな水と肥沃な土壌で育まれた、香り高く噛むほどに甘みが広がるお米です。', 3, 3, 2, 1, 500, 10, '2025-01-28 02:51:40', '2025-01-29 04:43:23', '/images/E9B4C7F0-43FE-4494-BF2B-37139967D166.webp'),
(53, '選ばれしつや姫', '清らかな水と肥沃な土壌で育まれた、香り高く噛むほどに甘みが広がるお米です。', 3, 3, 2, 2, 1500, 10, '2025-01-28 02:51:40', '2025-01-29 04:43:23', '/images/E9B4C7F0-43FE-4494-BF2B-37139967D166.webp'),
(54, '選ばれしつや姫', '清らかな水と肥沃な土壌で育まれた、香り高く噛むほどに甘みが広がるお米です。', 3, 3, 2, 3, 4000, 10, '2025-01-28 02:51:40', '2025-01-29 04:43:23', '/images/E9B4C7F0-43FE-4494-BF2B-37139967D166.webp');