DELETE FROM users;
DELETE FROM products;
DELETE FROM varieties;
DELETE FROM millingtypes;
DELETE FROM prefectures;
DELETE FROM weights;


INSERT INTO `varieties` (`id`, `variety`) VALUES (1,'コシヒカリ'),(2,'ひとめぼれ'),(3,'つや姫');
INSERT INTO `millingtypes` (`id`, `millingtype`) VALUES (1,'精米'),(2,'玄米');
INSERT INTO `prefectures` (`id`, `prefecture`) VALUES (1,'北海道'),(2,'東北'),(3,'北陸');
INSERT INTO `weights` (`id`, `weight`) VALUES (1,'2kg'),(2,'5kg'),(3,'10kg');

INSERT INTO `products` (`id`, `name`, `description`, `origin_id`, `variety_id`, `millingtype_id`, `weight_id`,
`price`, `stock_quantity`, `created_at`, `updated_at`, `imageurl`) VALUES
(1, '極上コシヒカリ', 'あとでかく', 1, 1, 1, 1, 2500, 10, '2025-01-27 08:44:23', '2025-01-29 04:43:23', NULL),
(2, '極上コシヒカリ', 'あとでかく', 1, 1, 1, 2, 4500, 10, '2025-01-27 09:13:19', '2025-01-29 04:43:23', NULL),
(3, '極上コシヒカリ', 'あとでかく', 1, 1, 1, 3, 8000, 10, '2025-01-27 09:28:44', '2025-01-29 04:43:23', NULL),
(4, '極上コシヒカリ', 'あとでかく', 1, 1, 2, 1, 1500, 10, '2025-01-27 09:28:44', '2025-01-29 04:43:23', NULL),
(5, '極上コシヒカリ', 'あとで', 1, 1, 2, 2, 3500, 10, '2025-01-28 01:46:27', '2025-01-29 04:43:23', NULL),
(6, '極上コシヒカリ', 'あとで', 1, 1, 2, 3, 7000, 10, '2025-01-28 01:46:27', '2025-01-29 04:43:23', NULL),
(7, 'コシヒカリの恵み', 'あとでかく', 2, 1, 1, 1, 2000, 10, '2025-01-28 01:51:46', '2025-01-29 04:43:23', NULL),
(8, 'コシヒカリの恵み', 'あとでかく', 2, 1, 1, 2, 4000, 10, '2025-01-28 01:53:41', '2025-01-29 04:43:23', NULL),
(9, 'コシヒカリの恵み', 'あとでかく', 2, 1, 1, 3, 7000, 10, '2025-01-28 01:53:54', '2025-01-29 04:43:23', NULL),
(10, 'コシヒカリの恵み', 'あとでかく', 2, 1, 2, 1, 1500, 10, '2025-01-28 01:53:57', '2025-01-29 04:43:23', NULL),
(11, 'コシヒカリの恵み', 'あとでかく', 2, 1, 2, 2, 3500, 10, '2025-01-28 01:54:11', '2025-01-29 04:43:23', NULL),
(12, 'コシヒカリの恵み', 'あとでかく', 2, 1, 2, 3, 6500, 10, '2025-01-28 01:54:39', '2025-01-29 04:43:23', NULL),
(13, '白銀のコシヒカリ', 'あとでかく', 3, 1, 1, 1, 1500, 10, '2025-01-28 01:59:10', '2025-01-29 04:43:23', NULL),
(14, '白銀のコシヒカリ', 'あとでかく', 3, 1, 1, 2, 3000, 10, '2025-01-28 02:10:46', '2025-01-29 04:43:23', NULL),
(15, '白銀のコシヒカリ', 'あとでかく', 3, 1, 1, 3, 6000, 10, '2025-01-28 02:11:45', '2025-01-29 04:43:23', NULL),
(16, '白銀のコシヒカリ', 'あとでかく', 3, 1, 2, 1, 1000, 10, '2025-01-28 02:13:18', '2025-01-29 04:43:23', NULL),
(17, '白銀のコシヒカリ', 'あとでかく', 3, 1, 2, 2, 2000, 10, '2025-01-28 02:18:18', '2025-01-29 04:43:23', NULL),
(18, '白銀のコシヒカリ', 'あとでかく', 3, 1, 2, 3, 6000, 10, '2025-01-28 02:20:22', '2025-01-29 04:43:23', NULL),
(19, 'ひとめぼれの宝石', 'あとでかく', 1, 2, 1, 1, 2000, 10, '2025-01-28 02:23:06', '2025-01-29 04:43:23', NULL),
(20, 'ひとめぼれの宝石', 'あとでかく', 1, 2, 1, 2, 4500, 10, '2025-01-28 02:24:24', '2025-01-29 04:43:23', NULL),
(21, 'ひとめぼれの宝石', 'あとでかく', 1, 2, 1, 3, 7000, 10, '2025-01-28 02:24:43', '2025-01-29 04:43:23', NULL),
(22, 'ひとめぼれの宝石', 'あとでかく', 1, 2, 2, 1, 1500, 10, '2025-01-28 02:27:03', '2025-01-29 04:43:23', NULL),
(23, 'ひとめぼれの宝石', 'あとでかく', 1, 2, 2, 2, 4000, 10, '2025-01-28 02:27:31', '2025-01-29 04:43:23', NULL),
(24, 'ひとめぼれの宝石', 'あとでかく', 1, 2, 2, 3, 6500, 10, '2025-01-28 02:28:06', '2025-01-29 04:43:23', NULL),
(25, '一粒のひとめぼれ', 'あとでかく', 2, 2, 1, 1, 2000, 10, '2025-01-28 02:33:08', '2025-01-29 04:43:23', NULL),
(26, '一粒のひとめぼれ', 'あとでかく', 2, 2, 1, 2, 4500, 10, '2025-01-28 02:33:08', '2025-01-29 04:43:23', NULL),
(27, '一粒のひとめぼれ', 'あとでかく', 2, 2, 1, 3, 8500, 10, '2025-01-28 02:33:08', '2025-01-29 04:43:23', NULL),
(28, '一粒のひとめぼれ', 'あとでかく', 2, 2, 2, 1, 1500, 10, '2025-01-28 02:33:08', '2025-01-29 04:43:23', NULL),
(29, '一粒のひとめぼれ', 'あとでかく', 2, 2, 2, 2, 4000, 10, '2025-01-28 02:33:08', '2025-01-29 04:43:23', NULL),
(30, '一粒のひとめぼれ', 'あとでかく', 2, 2, 2, 3, 7500, 10, '2025-01-28 02:33:08', '2025-01-29 04:43:23', NULL),
(31, 'ひとめぼれの故郷', 'あとでかく', 3, 2, 1, 1, 2000, 10, '2025-01-28 02:38:51', '2025-01-29 04:43:23', NULL),
(32, 'ひとめぼれの故郷', 'あとでかく', 3, 2, 1, 2, 4000, 10, '2025-01-28 02:38:51', '2025-01-29 04:43:23', NULL),
(33, 'ひとめぼれの故郷', 'あとでかく', 3, 2, 1, 3, 6000, 10, '2025-01-28 02:38:51', '2025-01-29 04:43:23', NULL),
(34, 'ひとめぼれの故郷', 'あとでかく', 3, 2, 2, 1, 1500, 10, '2025-01-28 02:38:51', '2025-01-29 04:43:23', NULL),
(35, 'ひとめぼれの故郷', 'あとでかく', 3, 2, 2, 2, 3500, 10, '2025-01-28 02:38:51', '2025-01-29 04:43:23', NULL),
(36, 'ひとめぼれの故郷', 'あとでかく', 3, 2, 2, 3, 5500, 10, '2025-01-28 02:38:51', '2025-01-29 04:43:23', NULL),
(37, 'つや姫の極み', 'あとでかく', 1, 3, 1, 1, 3000, 10, '2025-01-28 02:44:06', '2025-01-29 04:43:23', NULL),
(38, 'つや姫の極み', 'あとでかく', 1, 3, 1, 2, 6000, 10, '2025-01-28 02:44:06', '2025-01-29 04:43:23', NULL),
(39, 'つや姫の極み', 'あとでかく', 1, 3, 1, 3, 9000, 10, '2025-01-28 02:44:06', '2025-01-29 04:43:23', NULL),
(40, 'つや姫の極み', 'あとでかく', 1, 3, 2, 1, 2500, 10, '2025-01-28 02:44:06', '2025-01-29 04:43:23', NULL),
(41, 'つや姫の極み', 'あとでかく', 1, 3, 2, 2, 5500, 10, '2025-01-28 02:44:06', '2025-01-29 04:43:23', NULL),
(42, 'つや姫の極み', 'あとでかく', 1, 3, 2, 3, 8500, 10, '2025-01-28 02:44:06', '2025-01-29 04:43:23', NULL),
(43, 'つや姫の舞', 'あとでかく', 2, 3, 1, 1, 2500, 10, '2025-01-28 02:47:39', '2025-01-29 04:43:23', NULL),
(44, 'つや姫の舞', 'あとでかく', 2, 3, 1, 2, 4500, 10, '2025-01-28 02:47:39', '2025-01-29 04:43:23', NULL),
(45, 'つや姫の舞', 'あとでかく', 2, 3, 1, 3, 7000, 10, '2025-01-28 02:47:39', '2025-01-29 04:43:23', NULL),
(46, 'つや姫の舞', 'あとでかく', 2, 3, 2, 1, 2000, 10, '2025-01-28 02:47:39', '2025-01-29 04:43:23', NULL),
(47, 'つや姫の舞', 'あとでかく', 2, 3, 2, 2, 4000, 10, '2025-01-28 02:47:39', '2025-01-29 04:43:23', NULL),
(48, 'つや姫の舞', 'あとでかく', 2, 3, 2, 3, 6500, 10, '2025-01-28 02:47:39', '2025-01-29 04:43:23', NULL),
(49, '選ばれしつや姫', 'あとでかく', 3, 3, 1, 1, 1000, 10, '2025-01-28 02:51:40', '2025-01-29 04:43:23', NULL),
(50, '選ばれしつや姫', 'あとでかく', 3, 3, 1, 2, 2000, 10, '2025-01-28 02:51:40', '2025-01-29 04:43:23', NULL),
(51, '選ばれしつや姫', 'あとでかく', 3, 3, 1, 3, 4500, 10, '2025-01-28 02:51:40', '2025-01-29 04:43:23', NULL),
(52, '選ばれしつや姫', 'あとでかく', 3, 3, 2, 1, 500, 10, '2025-01-28 02:51:40', '2025-01-29 04:43:23', NULL),
(53, '選ばれしつや姫', 'あとでかく', 3, 3, 2, 2, 1500, 10, '2025-01-28 02:51:40', '2025-01-29 04:43:23', NULL),
(54, '選ばれしつや姫', 'あとでかく', 3, 3, 2, 3, 4000, 10, '2025-01-28 02:51:40', '2025-01-29 04:43:23', NULL);